delete
from voting;
delete
from menu;
delete
from restaurant;
delete
from user_roles;
delete
from users;

alter sequence global_seq RESTART with 100000;

insert into users (name, email, password)
values ('User', 'user@yandex.ru', 'password'),
       ('Admin', 'admin@gmail.com', 'admin'),
       ('UserMax', 'usermax@gmail.com', '12345'),
       ('UserIgor', 'userigor@gmail.com', '12345'),
       ('UserPetr', 'userpetr@gmail.com', '12345');

insert into user_roles (role, user_id)
values ('USER', 100000),
       ('ADMIN', 100001),
       ('USER', 100002),
       ('USER', 100003),
       ('USER', 100004);

insert into restaurant (id, name, numberOfVotes)
values (100001, 'Русский ресторан', 0),
       (100002, 'Индийский ресторан', 0),
       (100003, 'Китайский ресторан', 0),
       (100004, 'Европейский ресторан', 0),
       (100005, 'Японский ресторан', 0);

insert into menu (id, restaurant_id, name, price, date_menu)
values (10001, 100001, 'Картофельное пюре', 50, '2021-01-12 00:00:00'),
       (10002, 100001, 'Куриная котлета', 80,'2021-01-12 00:00:00'),
       (10003, 100001, 'Компот', 20,'2021-01-12 00:00:00'),
       (10004, 100002, 'Курица карри', 71,'2021-01-12 00:00:00'),
       (10005, 100002, 'Пропаренный рис', 39,'2021-01-12 00:00:00'),
       (10006, 100002, 'Масала', 27,'2021-01-12 00:00:00'),
       (10007, 100003, 'Утка по пекински', 120,'2021-01-12 00:00:00'),
       (10008, 100003, 'Жареный ананас', 101,'2021-01-12 00:00:00'),
       (10009, 100003, 'Китайский чай', 43,'2021-01-12 00:00:00'),
       (100010, 100004, 'Стейк Канзас', 270,'2021-01-12 00:00:00'),
       (100011, 100004, 'Картофель фри', 56,'2021-01-12 00:00:00'),
       (100012, 100004, 'Безалкогольное пиво', 39,'2021-01-12 00:00:00'),
       (100013, 100005, 'Филадельфия', 260,'2021-01-12 00:00:00'),
       (100014, 100005, 'Вок из говядины', 200,'2021-01-12 00:00:00'),
       (100015, 100005, 'Японский чай', 50,'2021-01-12 00:00:00');


