DELETE
FROM voting;
DELETE
FROM menu;
DELETE
FROM restaurant;
DELETE
FROM user_roles;
DELETE
FROM users;

ALTER SEQUENCE global_seq RESTART WITH 100000;

INSERT INTO users (name, email, password)
VALUES ('User', 'user@yandex.ru', 'password'),
       ('Admin', 'admin@gmail.com', 'admin');

INSERT INTO user_roles (role, user_id)
VALUES ('USER', 100000),
       ('ADMIN', 100001);

INSERT INTO restaurant (id, name, numberOfVotes)
VALUES (100001, 'Русский ресторан', 0),
       (100002,  'Индийский ресторан', 0),
       (100003,  'Китайский ресторан', 0),
       (100004,  'Европейский ресторан', 0),
       (100005,  'Японский ресторан', 0);

INSERT INTO menu (id, restaurant_id, name, price, date_menu)
VALUES (10001, 100001, 'Картофельное пюре', 50, '2020-12-28 00:00:00'),
       (10002, 100001, 'Куриная котлета', 80,'2020-12-28 00:00:00'),
       (10003, 100001, 'Компот', 20,'2020-12-28 00:00:00'),
       (10004, 100002, 'Курица карри', 71,'2020-12-28 00:00:00'),
       (10005, 100002, 'Пропаренный рис', 39,'2020-12-28 00:00:00'),
       (10006, 100002, 'Масала', 27,'2020-12-28 00:00:00'),
       (10007, 100003, 'Утка по пекински', 120,'2020-12-28 00:00:00'),
       (10008, 100003, 'Жареный ананас', 101,'2020-12-28 00:00:00'),
       (10009, 100003, 'Китайский чай', 43,'2020-12-28 00:00:00'),
       (100010, 100004, 'Стей Канзас', 270,'2020-12-28 00:00:00'),
       (100011, 100004, 'Картофель фри', 56,'2020-12-28 00:00:00'),
       (100012, 100004, 'Безалкогольное пиво', 39,'2020-12-28 00:00:00'),
       (100013, 100005, 'Филадельфия', 260,'2020-12-28 00:00:00'),
       (100014, 100005, 'Вок из говядины', 200,'2020-12-28 00:00:00'),
       (100015, 100005, 'Японский чай', 50,'2020-12-28 00:00:00');
